{
  "edit": true,
  "camPos": [
    -31.296228050925556,
    -27.036078670580263,
    -132.40920230241355
  ],
  "useComposer": true,
  "bloomPass": {
    "threshold": 0.0846740050804403,
    "strength": 0.9551227773073666,
    "radius": 1.0343776460626588
  },
  "bgColor": 1315860
}