{
  "edit": true,
  "camPos": [
    359.4691576039676,
    -107.27018443393362,
    369.28969369715844
  ],
  "useComposer": true,
  "bloomPass": {
    "threshold": 0.0846740050804403,
    "strength": 1.6054191363251482,
    "radius": 1.0343776460626588
  },
  "bgColor": 1315860
}