{
  "edit": true,
  "camPos": [
    -42.677066189330525,
    173.36006252532695,
    -108.8372767053846
  ],
  "useComposer": true,
  "bloomPass": {
    "threshold": 0.0846740050804403,
    "strength": 0.9551227773073666,
    "radius": 1.0343776460626588
  },
  "bgColor": 1315860
}