{
  "edit": true,
  "camPos": [
    75.14499518741256,
    2.0141772145519283,
    -53.08817525805495
  ],
  "useComposer": true,
  "bloomPass": {
    "threshold": 0.2906011854360711,
    "strength": 1.0635055038103303,
    "radius": 1.0343776460626588
  },
  "bgColor": 657930
}