{
  "edit": true,
  "camPos": [
    242.7823531169877,
    220.58967546035188,
    411.6998539023449
  ],
  "useComposer": true,
  "bloomPass": {
    "threshold": 0.2906011854360711,
    "strength": 1.0635055038103303,
    "radius": 1.0343776460626588
  },
  "bgColor": 657930
}