{
  "edit": true,
  "camPos": [
    -26.23153822776931,
    -60.78390558196357,
    -63.92499345487465
  ],
  "useComposer": true,
  "bloomPass": {
    "threshold": 0.2906011854360711,
    "strength": 1.0635055038103303,
    "radius": 1.0343776460626588
  },
  "bgColor": 657930
}